edge_id	subject	predicate	object	source	source_id	source_url	retrieved_date	evidence_type	evidence_code	confidence	quote	contradicted_by	attributes
E0001	HGNC:10585	gene_associated_with_condition	MONDO:0011461	OMIM via HPO	OMIM:604403	https://omim.org/entry/604403	2026-10-03	observed	MENDELIAN				"{""orphanet_association"": """", ""variant_effect"": """"}"
E0002	HGNC:10588	gene_associated_with_condition	MONDO:0030064	OMIM via HPO	OMIM:618924	https://omim.org/entry/618924	2026-10-03	observed	MENDELIAN				"{""orphanet_association"": """", ""variant_effect"": """"}"
E0003	HGNC:10585	gene_associated_with_condition	MONDO:0100079	OMIM via HPO	OMIM:607208	https://omim.org/entry/607208	2026-10-03	observed	MENDELIAN				"{""orphanet_association"": """", ""variant_effect"": """"}"
E0004	HGNC:10596	gene_associated_with_condition	MONDO:0013680	OMIM via HPO	OMIM:614306	https://omim.org/entry/614306	2026-10-03	observed	MENDELIAN				"{""orphanet_association"": """", ""variant_effect"": """"}"
E0005	HGNC:10585	gene_associated_with_condition	MONDO:0012320	OMIM via HPO	OMIM:609634	https://omim.org/entry/609634	2026-10-03	observed	MENDELIAN				"{""orphanet_association"": """", ""variant_effect"": """"}"
E0006	HGNC:6297	gene_associated_with_condition	MONDO:0007366	OMIM via HPO	OMIM:121201	https://omim.org/entry/121201	2026-10-03	observed	MENDELIAN				"{""orphanet_association"": """", ""variant_effect"": """"}"
E0007	HGNC:6296	gene_associated_with_condition	MONDO:0007365	OMIM via HPO	OMIM:121200	https://omim.org/entry/121200	2026-10-03	observed	MENDELIAN				"{""orphanet_association"": """", ""variant_effect"": """"}"
E0008	HGNC:10590	gene_associated_with_condition	MONDO:0054776	OMIM via HPO	OMIM:617935	https://omim.org/entry/617935	2026-10-03	observed	MENDELIAN				"{""orphanet_association"": """", ""variant_effect"": """"}"
E0009	HGNC:10590	gene_associated_with_condition	MONDO:0033371	OMIM via HPO	OMIM:617938	https://omim.org/entry/617938	2026-10-03	observed	MENDELIAN				"{""orphanet_association"": """", ""variant_effect"": """"}"
E0010	HGNC:10596	gene_associated_with_condition	MONDO:0100092	OMIM via HPO	OMIM:618364	https://omim.org/entry/618364	2026-10-03	observed	MENDELIAN				"{""orphanet_association"": """", ""variant_effect"": """"}"
E0011	HGNC:10596	gene_associated_with_condition	MONDO:0014903	OMIM via HPO	OMIM:617080	https://omim.org/entry/617080	2026-10-03	observed	MENDELIAN				"{""orphanet_association"": """", ""variant_effect"": """"}"
E0012	HGNC:11444	gene_associated_with_condition	MONDO:0012812	OMIM via HPO	OMIM:612164	https://omim.org/entry/612164	2026-10-03	observed	MENDELIAN				"{""orphanet_association"": """", ""variant_effect"": """"}"
E0013	HGNC:11509	gene_associated_with_condition	MONDO:0033864	OMIM via HPO	OMIM:618218	https://omim.org/entry/618218	2026-10-03	observed	MENDELIAN				"{""orphanet_association"": """", ""variant_effect"": """"}"
E0014	HGNC:10596	gene_associated_with_condition	MONDO:0013801	OMIM via HPO	OMIM:614558	https://omim.org/entry/614558	2026-10-03	observed	MENDELIAN				"{""orphanet_association"": """", ""variant_effect"": """"}"
E0015	HGNC:10585	gene_associated_with_condition	MONDO:0030268	OMIM via HPO	OMIM:619317	https://omim.org/entry/619317	2026-10-03	observed	MENDELIAN				"{""orphanet_association"": """", ""variant_effect"": """"}"
E0016	HGNC:18539	gene_associated_with_condition	MONDO:0014517	OMIM via HPO	OMIM:616172	https://omim.org/entry/616172	2026-10-03	observed	MENDELIAN				"{""orphanet_association"": """", ""variant_effect"": """"}"
E0017	HGNC:11497	gene_associated_with_condition	MONDO:0012960	OMIM via HPO	OMIM:612621	https://omim.org/entry/612621	2026-10-03	observed	MENDELIAN				"{""orphanet_association"": """", ""variant_effect"": """"}"
E0018	HGNC:10588	gene_associated_with_condition	MONDO:0013388	OMIM via HPO	OMIM:613721	https://omim.org/entry/613721	2026-10-03	observed	MENDELIAN				"{""orphanet_association"": """", ""variant_effect"": """"}"
E0019	HGNC:6296	gene_associated_with_condition	MONDO:0013387	OMIM via HPO	OMIM:613720	https://omim.org/entry/613720	2026-10-03	observed	MENDELIAN				"{""orphanet_association"": """", ""variant_effect"": """"}"
E0020	HGNC:10588	gene_associated_with_condition	MONDO:0011904	OMIM via HPO	OMIM:607745	https://omim.org/entry/607745	2026-10-03	observed	MENDELIAN				"{""orphanet_association"": """", ""variant_effect"": """"}"
E0021	HGNC:6297	gene_associated_with_condition	MONDO:0009696	Orphanet	ORPHA:307	https://www.orpha.net/en/disease/detail/307	2026-10-03	observed	UNKNOWN				"{""orphanet_association"": ""Major susceptibility factor in"", ""variant_effect"": """"}"
E0022	HGNC:10596	gene_associated_with_condition	MONDO:0017615	Orphanet	ORPHA:306	https://www.orpha.net/en/disease/detail/306	2026-10-03	observed	UNKNOWN				"{""orphanet_association"": ""Disease-causing germline mutation(s) (gain of function) in"", ""variant_effect"": ""gain of function""}"
E0023	HGNC:10588	gene_associated_with_condition	MONDO:0017615	Orphanet	ORPHA:306	https://www.orpha.net/en/disease/detail/306	2026-10-03	observed	UNKNOWN				"{""orphanet_association"": ""Disease-causing germline mutation(s) in"", ""variant_effect"": """"}"
E0024	HGNC:6296	gene_associated_with_condition	MONDO:0017615	Orphanet	ORPHA:306	https://www.orpha.net/en/disease/detail/306	2026-10-03	observed	UNKNOWN				"{""orphanet_association"": ""Disease-causing germline mutation(s) in"", ""variant_effect"": """"}"
E0025	HGNC:6297	gene_associated_with_condition	MONDO:0017615	Orphanet	ORPHA:306	https://www.orpha.net/en/disease/detail/306	2026-10-03	observed	UNKNOWN				"{""orphanet_association"": ""Disease-causing germline mutation(s) in"", ""variant_effect"": """"}"
E0026	HGNC:6296	gene_associated_with_condition	MONDO:0015802	Orphanet	ORPHA:178469	https://www.orpha.net/en/disease/detail/178469	2026-10-03	observed	UNKNOWN				"{""orphanet_association"": ""Disease-causing germline mutation(s) in"", ""variant_effect"": """"}"
E0027	HGNC:10596	gene_associated_with_condition	MONDO:0015802	Orphanet	ORPHA:178469	https://www.orpha.net/en/disease/detail/178469	2026-10-03	observed	UNKNOWN				"{""orphanet_association"": ""Disease-causing germline mutation(s) in"", ""variant_effect"": """"}"
E0028	HGNC:10588	gene_associated_with_condition	MONDO:0015802	Orphanet	ORPHA:178469	https://www.orpha.net/en/disease/detail/178469	2026-10-03	observed	UNKNOWN				"{""orphanet_association"": ""Disease-causing germline mutation(s) in"", ""variant_effect"": """"}"
E0029	HGNC:11444	gene_associated_with_condition	MONDO:0012812	Orphanet	ORPHA:599373	https://www.orpha.net/en/disease/detail/599373	2026-10-03	observed	UNKNOWN				"{""orphanet_association"": ""Disease-causing germline mutation(s) in"", ""variant_effect"": """"}"
E0030	HGNC:18539	gene_associated_with_condition	MONDO:0018214	Orphanet	ORPHA:36387	https://www.orpha.net/en/disease/detail/36387	2026-10-03	observed	UNKNOWN				"{""orphanet_association"": ""Disease-causing germline mutation(s) in"", ""variant_effect"": """"}"
E0031	HGNC:10588	gene_associated_with_condition	MONDO:0018214	Orphanet	ORPHA:36387	https://www.orpha.net/en/disease/detail/36387	2026-10-03	observed	UNKNOWN				"{""orphanet_association"": ""Candidate gene tested in"", ""variant_effect"": """"}"
E0032	HGNC:10585	gene_associated_with_condition	MONDO:0018214	Orphanet	ORPHA:36387	https://www.orpha.net/en/disease/detail/36387	2026-10-03	observed	UNKNOWN				"{""orphanet_association"": ""Disease-causing germline mutation(s) in"", ""variant_effect"": """"}"
E0033	HGNC:11497	gene_associated_with_condition	MONDO:0012960	Orphanet	ORPHA:544254	https://www.orpha.net/en/disease/detail/544254	2026-10-03	observed	UNKNOWN				"{""orphanet_association"": ""Disease-causing germline mutation(s) in"", ""variant_effect"": """"}"
E0034	HGNC:11509	gene_associated_with_condition	MONDO:0033864	Orphanet	ORPHA:522077	https://www.orpha.net/en/disease/detail/522077	2026-10-03	observed	UNKNOWN				"{""orphanet_association"": ""Disease-causing germline mutation(s) in"", ""variant_effect"": """"}"
E0035	HGNC:11444	gene_associated_with_condition	MONDO:0044641	Orphanet	ORPHA:495818	https://www.orpha.net/en/disease/detail/495818	2026-10-03	observed	UNKNOWN				"{""orphanet_association"": ""Role in the phenotype of"", ""variant_effect"": """"}"
E0036	HGNC:10590	gene_associated_with_condition	MONDO:0020310	Orphanet	ORPHA:98820	https://www.orpha.net/en/disease/detail/98820	2026-10-03	observed	UNKNOWN				"{""orphanet_association"": ""Disease-causing germline mutation(s) in"", ""variant_effect"": """"}"
E0037	HGNC:10588	gene_associated_with_condition	MONDO:0018097	Orphanet	ORPHA:697160	https://www.orpha.net/en/disease/detail/697160	2026-10-03	observed	UNKNOWN				"{""orphanet_association"": ""Disease-causing germline mutation(s) in"", ""variant_effect"": """"}"
E0038	HGNC:10585	gene_associated_with_condition	MONDO:0016532	Orphanet	ORPHA:2382	https://www.orpha.net/en/disease/detail/2382	2026-10-03	observed	UNKNOWN				"{""orphanet_association"": ""Disease-causing germline mutation(s) in"", ""variant_effect"": """"}"
E0039	HGNC:10596	gene_associated_with_condition	MONDO:0100566	Orphanet	ORPHA:86909	https://www.orpha.net/en/disease/detail/86909	2026-10-03	observed	UNKNOWN				"{""orphanet_association"": ""Disease-causing germline mutation(s) in"", ""variant_effect"": """"}"
E0040	HGNC:11497	gene_associated_with_condition	MONDO:0018614	Orphanet	ORPHA:442835	https://www.orpha.net/en/disease/detail/442835	2026-10-03	observed	UNKNOWN				"{""orphanet_association"": ""Candidate gene tested in"", ""variant_effect"": """"}"
E0041	HGNC:10596	gene_associated_with_condition	MONDO:0018614	Orphanet	ORPHA:442835	https://www.orpha.net/en/disease/detail/442835	2026-10-03	observed	UNKNOWN				"{""orphanet_association"": ""Disease-causing germline mutation(s) (gain of function) in"", ""variant_effect"": ""gain of function""}"
E0042	HGNC:10590	gene_associated_with_condition	MONDO:0018614	Orphanet	ORPHA:442835	https://www.orpha.net/en/disease/detail/442835	2026-10-03	observed	UNKNOWN				"{""orphanet_association"": ""Disease-causing germline mutation(s) in"", ""variant_effect"": """"}"
E0043	HGNC:10585	gene_associated_with_condition	MONDO:0018614	Orphanet	ORPHA:442835	https://www.orpha.net/en/disease/detail/442835	2026-10-03	observed	UNKNOWN				"{""orphanet_association"": ""Disease-causing germline mutation(s) in"", ""variant_effect"": """"}"
E0044	HGNC:6296	gene_associated_with_condition	MONDO:0016027	Orphanet	ORPHA:1949	https://www.orpha.net/en/disease/detail/1949	2026-10-03	observed	UNKNOWN				"{""orphanet_association"": ""Disease-causing germline mutation(s) in"", ""variant_effect"": """"}"
E0045	HGNC:6297	gene_associated_with_condition	MONDO:0016027	Orphanet	ORPHA:1949	https://www.orpha.net/en/disease/detail/1949	2026-10-03	observed	UNKNOWN				"{""orphanet_association"": ""Disease-causing germline mutation(s) in"", ""variant_effect"": """"}"
E0046	HGNC:6296	gene_associated_with_condition	MONDO:0013387	Orphanet	ORPHA:439218	https://www.orpha.net/en/disease/detail/439218	2026-10-03	observed	UNKNOWN				"{""orphanet_association"": ""Disease-causing germline mutation(s) in"", ""variant_effect"": """"}"
E0047	HGNC:11497	gene_associated_with_condition	MONDO:0014633	Orphanet	ORPHA:1942	https://www.orpha.net/en/disease/detail/1942	2026-10-03	observed	UNKNOWN				"{""orphanet_association"": ""Disease-causing germline mutation(s) in"", ""variant_effect"": """"}"
E0048	HGNC:10585	gene_associated_with_condition	MONDO:0014633	Orphanet	ORPHA:1942	https://www.orpha.net/en/disease/detail/1942	2026-10-03	observed	UNKNOWN				"{""orphanet_association"": ""Disease-causing germline mutation(s) in"", ""variant_effect"": """"}"
E0049	HGNC:10588	gene_associated_with_condition	MONDO:0800491	Orphanet	ORPHA:1934	https://www.orpha.net/en/disease/detail/1934	2026-10-03	observed	UNKNOWN				"{""orphanet_association"": ""Disease-causing germline mutation(s) (gain of function) in"", ""variant_effect"": ""gain of function""}"
E0050	HGNC:10588	gene_associated_with_condition	MONDO:0017385	Orphanet	ORPHA:293181	https://www.orpha.net/en/disease/detail/293181	2026-10-03	observed	UNKNOWN				"{""orphanet_association"": ""Disease-causing germline mutation(s) in"", ""variant_effect"": """"}"
E0051	HGNC:6296	gene_associated_with_condition	MONDO:0017385	Orphanet	ORPHA:293181	https://www.orpha.net/en/disease/detail/293181	2026-10-03	observed	UNKNOWN				"{""orphanet_association"": ""Disease-causing germline mutation(s) in"", ""variant_effect"": """"}"
E0052	HGNC:10585	gene_associated_with_condition	MONDO:0017385	Orphanet	ORPHA:293181	https://www.orpha.net/en/disease/detail/293181	2026-10-03	observed	UNKNOWN				"{""orphanet_association"": ""Disease-causing germline mutation(s) in"", ""variant_effect"": """"}"
E0053	HGNC:10588	gene_associated_with_condition	MONDO:0011904	Orphanet	ORPHA:140927	https://www.orpha.net/en/disease/detail/140927	2026-10-03	observed	UNKNOWN				"{""orphanet_association"": ""Disease-causing germline mutation(s) in"", ""variant_effect"": """"}"
E0054	HGNC:6296	gene_associated_with_condition	MONDO:0011904	Orphanet	ORPHA:140927	https://www.orpha.net/en/disease/detail/140927	2026-10-03	observed	UNKNOWN				"{""orphanet_association"": ""Disease-causing germline mutation(s) in"", ""variant_effect"": """"}"
E0055	HGNC:10585	gene_associated_with_condition	MONDO:0018925	Orphanet	ORPHA:569	https://www.orpha.net/en/disease/detail/569	2026-10-03	observed	UNKNOWN				"{""orphanet_association"": ""Disease-causing germline mutation(s) in"", ""variant_effect"": """"}"
E0056	HGNC:10588	gene_associated_with_condition	MONDO:0016241	Orphanet	ORPHA:2131	https://www.orpha.net/en/disease/detail/2131	2026-10-03	observed	UNKNOWN				"{""orphanet_association"": ""Disease-causing germline mutation(s) in"", ""variant_effect"": """"}"
E0057	HGNC:10588	gene_associated_with_condition	ORPHA:33069	Orphanet	ORPHA:33069	https://www.orpha.net/en/disease/detail/33069	2026-10-03	observed	UNKNOWN				"{""orphanet_association"": ""Disease-causing germline mutation(s) in"", ""variant_effect"": """"}"
E0058	HGNC:10585	gene_associated_with_condition	ORPHA:33069	Orphanet	ORPHA:33069	https://www.orpha.net/en/disease/detail/33069	2026-10-03	observed	UNKNOWN				"{""orphanet_association"": ""Disease-causing germline mutation(s) in"", ""variant_effect"": """"}"
E0059	MONDO:0011904	has_phenotype	HP:0002372	HPO annotations	OMIM:607745	https://hpo.jax.org/browse/term/HP:0002372	2026-10-03	observed	PCS				"{""frequency"": ""6/9"", ""reference"": ""PMID:12243921""}"
E0060	MONDO:0017615	has_phenotype	HP:0002372	HPO annotations	ORPHA:306	https://hpo.jax.org/browse/term/HP:0002372	2026-10-03	observed	TAS				"{""frequency"": ""HP:0040281"", ""reference"": ""ORPHA:306""}"
E0061	MONDO:0014633	has_phenotype	HP:0011197	HPO annotations	ORPHA:1942	https://hpo.jax.org/browse/term/HP:0011197	2026-10-03	observed	TAS				"{""frequency"": ""HP:0040281"", ""reference"": ""ORPHA:1942""}"
E0062	MONDO:0100566	has_phenotype	HP:0011197	HPO annotations	ORPHA:86909	https://hpo.jax.org/browse/term/HP:0011197	2026-10-03	observed	TAS				"{""frequency"": ""HP:0040282"", ""reference"": ""ORPHA:86909""}"
E0063	MONDO:0009696	has_phenotype	HP:0007207	HPO annotations	ORPHA:307	https://hpo.jax.org/browse/term/HP:0007207	2026-10-03	observed	TAS				"{""frequency"": ""HP:0040283"", ""reference"": ""ORPHA:307""}"
E0064	MONDO:0100566	has_phenotype	HP:0007207	HPO annotations	ORPHA:86909	https://hpo.jax.org/browse/term/HP:0007207	2026-10-03	observed	TAS				"{""frequency"": ""HP:0040283"", ""reference"": ""ORPHA:86909""}"
E0065	ORPHA:33069	has_phenotype	HP:0007207	HPO annotations	ORPHA:33069	https://hpo.jax.org/browse/term/HP:0007207	2026-10-03	observed	TAS				"{""frequency"": ""HP:0040282"", ""reference"": ""ORPHA:33069""}"
E0066	MONDO:0011904	has_phenotype	HP:0032807	HPO annotations	ORPHA:140927	https://hpo.jax.org/browse/term/HP:0032807	2026-10-03	observed	TAS				"{""frequency"": ""HP:0040282"", ""reference"": ""ORPHA:140927""}"
E0067	MONDO:0016027	has_phenotype	HP:0032807	HPO annotations	ORPHA:1949	https://hpo.jax.org/browse/term/HP:0032807	2026-10-03	observed	TAS				"{""frequency"": ""HP:0040281"", ""reference"": ""ORPHA:1949""}"
E0068	MONDO:0017615	has_phenotype	HP:0032807	HPO annotations	ORPHA:306	https://hpo.jax.org/browse/term/HP:0032807	2026-10-03	observed	TAS				"{""frequency"": ""HP:0040281"", ""reference"": ""ORPHA:306""}"
E0069	MONDO:0014633	has_phenotype	HP:0001326	HPO annotations	ORPHA:1942	https://hpo.jax.org/browse/term/HP:0001326	2026-10-03	observed	TAS				"{""frequency"": ""HP:0040283"", ""reference"": ""ORPHA:1942""}"
E0070	MONDO:0100566	has_phenotype	HP:0001326	HPO annotations	ORPHA:86909	https://hpo.jax.org/browse/term/HP:0001326	2026-10-03	observed	TAS				"{""frequency"": ""HP:0040281"", ""reference"": ""ORPHA:86909""}"
E0071	MONDO:0018925	has_phenotype	HP:0011196	HPO annotations	ORPHA:569	https://hpo.jax.org/browse/term/HP:0011196	2026-10-03	observed	TAS				"{""frequency"": ""HP:0040284"", ""reference"": ""ORPHA:569""}"
E0072	MONDO:0033864	has_phenotype	HP:0011196	HPO annotations	ORPHA:522077	https://hpo.jax.org/browse/term/HP:0011196	2026-10-03	observed	TAS				"{""frequency"": ""HP:0040283"", ""reference"": ""ORPHA:522077""}"
E0073	MONDO:0017615	has_phenotype	HP:0011172	HPO annotations	ORPHA:306	https://hpo.jax.org/browse/term/HP:0011172	2026-10-03	observed	TAS				"{""frequency"": ""HP:0040283"", ""reference"": ""ORPHA:306""}"
E0074	MONDO:0018925	has_phenotype	HP:0011172	HPO annotations	ORPHA:569	https://hpo.jax.org/browse/term/HP:0011172	2026-10-03	observed	TAS				"{""frequency"": ""HP:0040282"", ""reference"": ""ORPHA:569""}"
E0075	ORPHA:33069	has_phenotype	HP:0011172	HPO annotations	ORPHA:33069	https://hpo.jax.org/browse/term/HP:0011172	2026-10-03	observed	TAS				"{""frequency"": ""HP:0040282"", ""reference"": ""ORPHA:33069""}"
E0076	MONDO:0030268	has_phenotype	HP:0031475	HPO annotations	OMIM:619317	https://hpo.jax.org/browse/term/HP:0031475	2026-10-03	observed	PCS				"{""frequency"": ""4/9"", ""reference"": ""PMID:28794249""}"
E0077	ORPHA:33069	has_phenotype	HP:0031475	HPO annotations	ORPHA:33069	https://hpo.jax.org/browse/term/HP:0031475	2026-10-03	observed	TAS				"{""frequency"": ""HP:0040283"", ""reference"": ""ORPHA:33069""}"
E0078	MONDO:0016027	has_phenotype	HP:0011468	HPO annotations	ORPHA:1949	https://hpo.jax.org/browse/term/HP:0011468	2026-10-03	observed	TAS				"{""frequency"": ""HP:0040283"", ""reference"": ""ORPHA:1949""}"
E0079	MONDO:0018925	has_phenotype	HP:0011468	HPO annotations	ORPHA:569	https://hpo.jax.org/browse/term/HP:0011468	2026-10-03	observed	TAS				"{""frequency"": ""HP:0040282"", ""reference"": ""ORPHA:569""}"
E0080	ORPHA:33069	has_phenotype	HP:0011468	HPO annotations	ORPHA:33069	https://hpo.jax.org/browse/term/HP:0011468	2026-10-03	observed	TAS				"{""frequency"": ""HP:0040282"", ""reference"": ""ORPHA:33069""}"
E0081	MONDO:0013801	has_phenotype	HP:0033258	HPO annotations	OMIM:614558	https://hpo.jax.org/browse/term/HP:0033258	2026-10-03	observed	PCS				"{""frequency"": ""1/1"", ""reference"": ""PMID:22365152""}"
E0082	MONDO:0030268	has_phenotype	HP:0033258	HPO annotations	OMIM:619317	https://hpo.jax.org/browse/term/HP:0033258	2026-10-03	observed	PCS				"{""frequency"": ""1/9"", ""reference"": ""PMID:28794249""}"
E0083	MONDO:0012960	has_phenotype	HP:0011150	HPO annotations	OMIM:612621	https://hpo.jax.org/browse/term/HP:0011150	2026-10-03	observed	PCS				"{""frequency"": ""1/3"", ""reference"": ""PMID:19196676""}"
E0084	MONDO:0030268	has_phenotype	HP:0011150	HPO annotations	OMIM:619317	https://hpo.jax.org/browse/term/HP:0011150	2026-10-03	observed	PCS				"{""frequency"": ""1/9"", ""reference"": ""PMID:28794249""}"
E0085	MONDO:0018214	has_phenotype	HP:0100694	HPO annotations	ORPHA:36387	https://hpo.jax.org/browse/term/HP:0100694	2026-10-03	observed	TAS				"{""frequency"": ""HP:0040284"", ""reference"": ""ORPHA:36387""}"
E0086	ORPHA:33069	has_phenotype	HP:0100694	HPO annotations	ORPHA:33069	https://hpo.jax.org/browse/term/HP:0100694	2026-10-03	observed	TAS				"{""frequency"": ""HP:0040283"", ""reference"": ""ORPHA:33069""}"
E0087	MONDO:0016241	has_phenotype	HP:0012547	HPO annotations	ORPHA:2131	https://hpo.jax.org/browse/term/HP:0012547	2026-10-03	observed	TAS				"{""frequency"": ""HP:0040282"", ""reference"": ""ORPHA:2131""}"
E0088	MONDO:0018614	has_phenotype	HP:0012547	HPO annotations	ORPHA:442835	https://hpo.jax.org/browse/term/HP:0012547	2026-10-03	observed	TAS				"{""frequency"": ""HP:0040284"", ""reference"": ""ORPHA:442835""}"
E0089	MONDO:0012812	has_phenotype	HP:0011185	HPO annotations	ORPHA:599373	https://hpo.jax.org/browse/term/HP:0011185	2026-10-03	observed	TAS				"{""frequency"": ""HP:0040282"", ""reference"": ""ORPHA:599373""}"
E0090	MONDO:0020310	has_phenotype	HP:0011185	HPO annotations	ORPHA:98820	https://hpo.jax.org/browse/term/HP:0011185	2026-10-03	observed	TAS				"{""frequency"": ""HP:0040281"", ""reference"": ""ORPHA:98820""}"
E0091	ORPHA:33069	has_phenotype	HP:0011185	HPO annotations	ORPHA:33069	https://hpo.jax.org/browse/term/HP:0011185	2026-10-03	observed	TAS				"{""frequency"": ""HP:0040283"", ""reference"": ""ORPHA:33069""}"
E0092	MONDO:0020310	has_phenotype	HP:0002349	HPO annotations	ORPHA:98820	https://hpo.jax.org/browse/term/HP:0002349	2026-10-03	observed	TAS				"{""frequency"": ""HP:0040283"", ""reference"": ""ORPHA:98820""}"
E0093	MONDO:0100079	has_phenotype	HP:0002349	HPO annotations	OMIM:607208	https://hpo.jax.org/browse/term/HP:0002349	2026-10-03	observed	PCS				"{""frequency"": ""1/7"", ""reference"": ""PMID:11359211""}"
E0094	ORPHA:33069	has_phenotype	HP:0002349	HPO annotations	ORPHA:33069	https://hpo.jax.org/browse/term/HP:0002349	2026-10-03	observed	TAS				"{""frequency"": ""HP:0040282"", ""reference"": ""ORPHA:33069""}"
E0095	MONDO:0018214	has_phenotype	HP:0003066	HPO annotations	ORPHA:36387	https://hpo.jax.org/browse/term/HP:0003066	2026-10-03	observed	TAS				"{""frequency"": ""HP:0040284"", ""reference"": ""ORPHA:36387""}"
E0096	ORPHA:33069	has_phenotype	HP:0003066	HPO annotations	ORPHA:33069	https://hpo.jax.org/browse/term/HP:0003066	2026-10-03	observed	TAS				"{""frequency"": ""HP:0040283"", ""reference"": ""ORPHA:33069""}"
E0097	MONDO:0013801	has_phenotype	HP:0011169	HPO annotations	OMIM:614558	https://hpo.jax.org/browse/term/HP:0011169	2026-10-03	observed	PCS				"{""frequency"": ""1/7"", ""reference"": ""PMID:24888894""}"
E0098	MONDO:0017615	has_phenotype	HP:0011169	HPO annotations	ORPHA:306	https://hpo.jax.org/browse/term/HP:0011169	2026-10-03	observed	TAS				"{""frequency"": ""HP:0040282"", ""reference"": ""ORPHA:306""}"
E0099	MONDO:0100079	has_phenotype	HP:0011169	HPO annotations	OMIM:607208	https://hpo.jax.org/browse/term/HP:0011169	2026-10-03	observed	PCS				"{""frequency"": ""2/7"", ""reference"": ""PMID:11359211""}"
E0100	MONDO:0800491	has_phenotype	HP:0011169	HPO annotations	ORPHA:1934	https://hpo.jax.org/browse/term/HP:0011169	2026-10-03	observed	TAS				"{""frequency"": ""HP:0040283"", ""reference"": ""ORPHA:1934""}"
E0101	ORPHA:33069	has_phenotype	HP:0011169	HPO annotations	ORPHA:33069	https://hpo.jax.org/browse/term/HP:0011169	2026-10-03	observed	TAS				"{""frequency"": ""HP:0040282"", ""reference"": ""ORPHA:33069""}"
E0102	MONDO:0012320	has_phenotype	HP:0002077	HPO annotations	OMIM:609634	https://hpo.jax.org/browse/term/HP:0002077	2026-10-03	observed	IEA				"{""frequency"": ""18/18"", ""reference"": ""OMIM:609634""}"
E0103	MONDO:0018925	has_phenotype	HP:0002077	HPO annotations	ORPHA:569	https://hpo.jax.org/browse/term/HP:0002077	2026-10-03	observed	TAS				"{""frequency"": ""HP:0040281"", ""reference"": ""ORPHA:569""}"
E0104	MONDO:0013801	has_phenotype	HP:0011167	HPO annotations	OMIM:614558	https://hpo.jax.org/browse/term/HP:0011167	2026-10-03	observed	PCS				"{""frequency"": ""1/7"", ""reference"": ""PMID:24888894""}"
E0105	MONDO:0016027	has_phenotype	HP:0011167	HPO annotations	ORPHA:1949	https://hpo.jax.org/browse/term/HP:0011167	2026-10-03	observed	TAS				"{""frequency"": ""HP:0040281"", ""reference"": ""ORPHA:1949""}"
E0106	MONDO:0017615	has_phenotype	HP:0011167	HPO annotations	ORPHA:306	https://hpo.jax.org/browse/term/HP:0011167	2026-10-03	observed	TAS				"{""frequency"": ""HP:0040282"", ""reference"": ""ORPHA:306""}"
E0107	MONDO:0800491	has_phenotype	HP:0011167	HPO annotations	ORPHA:1934	https://hpo.jax.org/browse/term/HP:0011167	2026-10-03	observed	TAS				"{""frequency"": ""HP:0040282"", ""reference"": ""ORPHA:1934""}"
E0108	MONDO:0011461	has_phenotype	HP:0006813	HPO annotations	OMIM:604403	https://hpo.jax.org/browse/term/HP:0006813	2026-10-03	observed	TAS				"{""frequency"": """", ""reference"": ""OMIM:604403""}"
E0109	MONDO:0013801	has_phenotype	HP:0006813	HPO annotations	OMIM:614558	https://hpo.jax.org/browse/term/HP:0006813	2026-10-03	observed	PCS				"{""frequency"": ""1/7"", ""reference"": ""PMID:24888894""}"
E0110	MONDO:0017385	has_phenotype	HP:0006813	HPO annotations	ORPHA:293181	https://hpo.jax.org/browse/term/HP:0006813	2026-10-03	observed	TAS				"{""frequency"": ""HP:0040282"", ""reference"": ""ORPHA:293181""}"
E0111	MONDO:0030268	has_phenotype	HP:0006813	HPO annotations	OMIM:619317	https://hpo.jax.org/browse/term/HP:0006813	2026-10-03	observed	PCS				"{""frequency"": ""2/9"", ""reference"": ""PMID:28794249""}"
E0112	MONDO:0100079	has_phenotype	HP:0006813	HPO annotations	OMIM:607208	https://hpo.jax.org/browse/term/HP:0006813	2026-10-03	observed	IEA				"{""frequency"": """", ""reference"": ""OMIM:607208""}"
E0113	ORPHA:33069	has_phenotype	HP:0006813	HPO annotations	ORPHA:33069	https://hpo.jax.org/browse/term/HP:0006813	2026-10-03	observed	TAS				"{""frequency"": ""HP:0040282"", ""reference"": ""ORPHA:33069""}"
E0114	MONDO:0016027	has_phenotype	HP:0045084	HPO annotations	ORPHA:1949	https://hpo.jax.org/browse/term/HP:0045084	2026-10-03	observed	TAS				"{""frequency"": ""HP:0040282"", ""reference"": ""ORPHA:1949""}"
E0115	MONDO:0017615	has_phenotype	HP:0045084	HPO annotations	ORPHA:306	https://hpo.jax.org/browse/term/HP:0045084	2026-10-03	observed	TAS				"{""frequency"": ""HP:0040283"", ""reference"": ""ORPHA:306""}"
E0116	MONDO:0100092	has_phenotype	HP:0045084	HPO annotations	OMIM:618364	https://hpo.jax.org/browse/term/HP:0045084	2026-10-03	observed	PCS				"{""frequency"": ""5/5"", ""reference"": ""PMID:29726066""}"
E0117	MONDO:0014903	has_phenotype	HP:0007166	HPO annotations	OMIM:617080	https://hpo.jax.org/browse/term/HP:0007166	2026-10-03	observed	PCS				"{""frequency"": ""5/16"", ""reference"": ""PMID:26677014""}"
E0118	MONDO:0016241	has_phenotype	HP:0007166	HPO annotations	ORPHA:2131	https://hpo.jax.org/browse/term/HP:0007166	2026-10-03	observed	TAS				"{""frequency"": ""HP:0040283"", ""reference"": ""ORPHA:2131""}"
E0119	MONDO:0017615	has_phenotype	HP:0007166	HPO annotations	ORPHA:306	https://hpo.jax.org/browse/term/HP:0007166	2026-10-03	observed	TAS				"{""frequency"": ""HP:0040282"", ""reference"": ""ORPHA:306""}"
E0120	MONDO:0013801	has_phenotype	HP:0010850	HPO annotations	OMIM:614558	https://hpo.jax.org/browse/term/HP:0010850	2026-10-03	observed	PCS				"{""frequency"": ""1/1"", ""reference"": ""PMID:22365152""}"
E0121	MONDO:0018214	has_phenotype	HP:0010850	HPO annotations	ORPHA:36387	https://hpo.jax.org/browse/term/HP:0010850	2026-10-03	observed	TAS				"{""frequency"": ""HP:0040283"", ""reference"": ""ORPHA:36387""}"
E0122	MONDO:0033864	has_phenotype	HP:0010850	HPO annotations	ORPHA:522077	https://hpo.jax.org/browse/term/HP:0010850	2026-10-03	observed	TAS				"{""frequency"": ""HP:0040283"", ""reference"": ""ORPHA:522077""}"
E0123	MONDO:0800491	has_phenotype	HP:0010850	HPO annotations	ORPHA:1934	https://hpo.jax.org/browse/term/HP:0010850	2026-10-03	observed	TAS				"{""frequency"": ""HP:0040283"", ""reference"": ""ORPHA:1934""}"
E0124	MONDO:0014633	has_phenotype	HP:0011171	HPO annotations	ORPHA:1942	https://hpo.jax.org/browse/term/HP:0011171	2026-10-03	observed	TAS				"{""frequency"": ""HP:0040283"", ""reference"": ""ORPHA:1942""}"
E0125	MONDO:0016027	has_phenotype	HP:0011171	HPO annotations	ORPHA:1949	https://hpo.jax.org/browse/term/HP:0011171	2026-10-03	observed	TAS				"{""frequency"": ""HP:0040283"", ""reference"": ""ORPHA:1949""}"
E0126	MONDO:0017615	has_phenotype	HP:0011171	HPO annotations	ORPHA:306	https://hpo.jax.org/browse/term/HP:0011171	2026-10-03	observed	TAS				"{""frequency"": ""HP:0040284"", ""reference"": ""ORPHA:306""}"
E0127	MONDO:0020310	has_phenotype	HP:0011171	HPO annotations	ORPHA:98820	https://hpo.jax.org/browse/term/HP:0011171	2026-10-03	observed	TAS				"{""frequency"": ""HP:0040284"", ""reference"": ""ORPHA:98820""}"
E0128	MONDO:0054776	has_phenotype	HP:0011171	HPO annotations	OMIM:617935	https://hpo.jax.org/browse/term/HP:0011171	2026-10-03	observed	PCS				"{""frequency"": ""1/4"", ""reference"": ""PMID:24157691""}"
E0129	MONDO:0100566	has_phenotype	HP:0011171	HPO annotations	ORPHA:86909	https://hpo.jax.org/browse/term/HP:0011171	2026-10-03	observed	TAS				"{""frequency"": ""HP:0040282"", ""reference"": ""ORPHA:86909""}"
E0130	MONDO:0009696	has_phenotype	HP:0002392	HPO annotations	ORPHA:307	https://hpo.jax.org/browse/term/HP:0002392	2026-10-03	observed	TAS				"{""frequency"": ""HP:0040281"", ""reference"": ""ORPHA:307""}"
E0131	MONDO:0014633	has_phenotype	HP:0002392	HPO annotations	ORPHA:1942	https://hpo.jax.org/browse/term/HP:0002392	2026-10-03	observed	TAS				"{""frequency"": ""HP:0040282"", ""reference"": ""ORPHA:1942""}"
E0132	MONDO:0007365	has_phenotype	HP:0002266	HPO annotations	OMIM:121200	https://hpo.jax.org/browse/term/HP:0002266	2026-10-03	observed	TAS				"{""frequency"": """", ""reference"": ""OMIM:121200""}"
E0133	MONDO:0007366	has_phenotype	HP:0002266	HPO annotations	OMIM:121201	https://hpo.jax.org/browse/term/HP:0002266	2026-10-03	observed	PCS				"{""frequency"": ""21/22"", ""reference"": ""PMID:9425900""}"
E0134	MONDO:0011904	has_phenotype	HP:0002266	HPO annotations	ORPHA:140927	https://hpo.jax.org/browse/term/HP:0002266	2026-10-03	observed	TAS				"{""frequency"": ""HP:0040282"", ""reference"": ""ORPHA:140927""}"
E0135	MONDO:0016027	has_phenotype	HP:0002266	HPO annotations	ORPHA:1949	https://hpo.jax.org/browse/term/HP:0002266	2026-10-03	observed	TAS				"{""frequency"": ""HP:0040281"", ""reference"": ""ORPHA:1949""}"
E0136	MONDO:0017615	has_phenotype	HP:0002266	HPO annotations	ORPHA:306	https://hpo.jax.org/browse/term/HP:0002266	2026-10-03	observed	TAS				"{""frequency"": ""HP:0040282"", ""reference"": ""ORPHA:306""}"
E0137	MONDO:0016241	has_phenotype	HP:0031284	HPO annotations	ORPHA:2131	https://hpo.jax.org/browse/term/HP:0031284	2026-10-03	observed	TAS				"{""frequency"": ""HP:0040282"", ""reference"": ""ORPHA:2131""}"
E0138	MONDO:0020310	has_phenotype	HP:0031284	HPO annotations	ORPHA:98820	https://hpo.jax.org/browse/term/HP:0031284	2026-10-03	observed	TAS				"{""frequency"": ""HP:0040283"", ""reference"": ""ORPHA:98820""}"
E0139	MONDO:0011904	has_phenotype	HP:0002131	HPO annotations	ORPHA:140927	https://hpo.jax.org/browse/term/HP:0002131	2026-10-03	observed	TAS				"{""frequency"": ""HP:0040283"", ""reference"": ""ORPHA:140927""}"
E0140	MONDO:0030064	has_phenotype	HP:0002131	HPO annotations	OMIM:618924	https://hpo.jax.org/browse/term/HP:0002131	2026-10-03	observed	PCS				"{""frequency"": ""1/1"", ""reference"": ""PMID:27159988""}"
E0141	MONDO:0800491	has_phenotype	HP:0002131	HPO annotations	ORPHA:1934	https://hpo.jax.org/browse/term/HP:0002131	2026-10-03	observed	TAS				"{""frequency"": ""HP:0040283"", ""reference"": ""ORPHA:1934""}"
E0142	MONDO:0020310	has_phenotype	HP:0025373	HPO annotations	ORPHA:98820	https://hpo.jax.org/browse/term/HP:0025373	2026-10-03	observed	TAS				"{""frequency"": ""HP:0040282"", ""reference"": ""ORPHA:98820""}"
E0143	MONDO:0100566	has_phenotype	HP:0025373	HPO annotations	ORPHA:86909	https://hpo.jax.org/browse/term/HP:0025373	2026-10-03	observed	TAS				"{""frequency"": ""HP:0040282"", ""reference"": ""ORPHA:86909""}"
E0144	MONDO:0012960	has_phenotype	HP:0008770	HPO annotations	ORPHA:544254	https://hpo.jax.org/browse/term/HP:0008770	2026-10-03	observed	TAS				"{""frequency"": ""HP:0040283"", ""reference"": ""ORPHA:544254""}"
E0145	MONDO:0018214	has_phenotype	HP:0008770	HPO annotations	ORPHA:36387	https://hpo.jax.org/browse/term/HP:0008770	2026-10-03	observed	TAS				"{""frequency"": ""HP:0040284"", ""reference"": ""ORPHA:36387""}"
E0146	ORPHA:33069	has_phenotype	HP:0008770	HPO annotations	ORPHA:33069	https://hpo.jax.org/browse/term/HP:0008770	2026-10-03	observed	TAS				"{""frequency"": ""HP:0040282"", ""reference"": ""ORPHA:33069""}"
E0147	HGNC:18539	participates_in	REACT:R-HSA-5250971	Reactome	R-HSA-5250971	https://reactome.org/PathwayBrowser/#/R-HSA-5250971	2026-10-03	observed	TAS				{}
E0148	HGNC:18539	participates_in	REACT:R-HSA-5682910	Reactome	R-HSA-5682910	https://reactome.org/PathwayBrowser/#/R-HSA-5682910	2026-10-03	observed	TAS				{}
E0149	HGNC:6296	participates_in	REACT:R-HSA-1296072	Reactome	R-HSA-1296072	https://reactome.org/PathwayBrowser/#/R-HSA-1296072	2026-10-03	observed	TAS				{}
E0150	HGNC:6296	participates_in	REACT:R-HSA-445095	Reactome	R-HSA-445095	https://reactome.org/PathwayBrowser/#/R-HSA-445095	2026-10-03	observed	IEA				{}
E0151	HGNC:6297	participates_in	REACT:R-HSA-1296072	Reactome	R-HSA-1296072	https://reactome.org/PathwayBrowser/#/R-HSA-1296072	2026-10-03	observed	TAS				{}
E0152	HGNC:6297	participates_in	REACT:R-HSA-445095	Reactome	R-HSA-445095	https://reactome.org/PathwayBrowser/#/R-HSA-445095	2026-10-03	observed	IEA				{}
E0153	HGNC:10585	participates_in	REACT:R-HSA-445095	Reactome	R-HSA-445095	https://reactome.org/PathwayBrowser/#/R-HSA-445095	2026-10-03	observed	IEA				{}
E0154	HGNC:10585	participates_in	REACT:R-HSA-5576892	Reactome	R-HSA-5576892	https://reactome.org/PathwayBrowser/#/R-HSA-5576892	2026-10-03	observed	TAS				{}
E0155	HGNC:10588	participates_in	REACT:R-HSA-445095	Reactome	R-HSA-445095	https://reactome.org/PathwayBrowser/#/R-HSA-445095	2026-10-03	observed	IEA				{}
E0156	HGNC:10588	participates_in	REACT:R-HSA-5576892	Reactome	R-HSA-5576892	https://reactome.org/PathwayBrowser/#/R-HSA-5576892	2026-10-03	observed	TAS				{}
E0157	HGNC:10588	participates_in	REACT:R-HSA-9717207	Reactome	R-HSA-9717207	https://reactome.org/PathwayBrowser/#/R-HSA-9717207	2026-10-03	observed	IEA				{}
E0158	HGNC:10590	participates_in	REACT:R-HSA-445095	Reactome	R-HSA-445095	https://reactome.org/PathwayBrowser/#/R-HSA-445095	2026-10-03	observed	IEA				{}
E0159	HGNC:10590	participates_in	REACT:R-HSA-5576892	Reactome	R-HSA-5576892	https://reactome.org/PathwayBrowser/#/R-HSA-5576892	2026-10-03	observed	TAS				{}
E0160	HGNC:10590	participates_in	REACT:R-HSA-9717207	Reactome	R-HSA-9717207	https://reactome.org/PathwayBrowser/#/R-HSA-9717207	2026-10-03	observed	IEA				{}
E0161	HGNC:10596	participates_in	REACT:R-HSA-445095	Reactome	R-HSA-445095	https://reactome.org/PathwayBrowser/#/R-HSA-445095	2026-10-03	observed	IEA				{}
E0162	HGNC:10596	participates_in	REACT:R-HSA-5576892	Reactome	R-HSA-5576892	https://reactome.org/PathwayBrowser/#/R-HSA-5576892	2026-10-03	observed	TAS				{}
E0163	HGNC:11444	participates_in	REACT:R-HSA-181429	Reactome	R-HSA-181429	https://reactome.org/PathwayBrowser/#/R-HSA-181429	2026-10-03	observed	TAS				{}
E0164	HGNC:11444	participates_in	REACT:R-HSA-181430	Reactome	R-HSA-181430	https://reactome.org/PathwayBrowser/#/R-HSA-181430	2026-10-03	observed	TAS				{}
E0165	HGNC:11444	participates_in	REACT:R-HSA-210500	Reactome	R-HSA-210500	https://reactome.org/PathwayBrowser/#/R-HSA-210500	2026-10-03	observed	TAS				{}
E0166	HGNC:11444	participates_in	REACT:R-HSA-212676	Reactome	R-HSA-212676	https://reactome.org/PathwayBrowser/#/R-HSA-212676	2026-10-03	observed	TAS				{}
E0167	HGNC:11444	participates_in	REACT:R-HSA-264642	Reactome	R-HSA-264642	https://reactome.org/PathwayBrowser/#/R-HSA-264642	2026-10-03	observed	TAS				{}
E0168	HGNC:11444	participates_in	REACT:R-HSA-422356	Reactome	R-HSA-422356	https://reactome.org/PathwayBrowser/#/R-HSA-422356	2026-10-03	observed	IEA				{}
E0169	HGNC:11444	participates_in	REACT:R-HSA-6794361	Reactome	R-HSA-6794361	https://reactome.org/PathwayBrowser/#/R-HSA-6794361	2026-10-03	observed	IEA				{}
E0170	HGNC:11444	participates_in	REACT:R-HSA-888590	Reactome	R-HSA-888590	https://reactome.org/PathwayBrowser/#/R-HSA-888590	2026-10-03	observed	TAS				{}
E0171	HGNC:11509	participates_in	REACT:R-HSA-181429	Reactome	R-HSA-181429	https://reactome.org/PathwayBrowser/#/R-HSA-181429	2026-10-03	observed	TAS				{}
E0172	HGNC:11509	participates_in	REACT:R-HSA-181430	Reactome	R-HSA-181430	https://reactome.org/PathwayBrowser/#/R-HSA-181430	2026-10-03	observed	TAS				{}
E0173	HGNC:11509	participates_in	REACT:R-HSA-210500	Reactome	R-HSA-210500	https://reactome.org/PathwayBrowser/#/R-HSA-210500	2026-10-03	observed	TAS				{}
E0174	HGNC:11509	participates_in	REACT:R-HSA-212676	Reactome	R-HSA-212676	https://reactome.org/PathwayBrowser/#/R-HSA-212676	2026-10-03	observed	TAS				{}
E0175	HGNC:11509	participates_in	REACT:R-HSA-264642	Reactome	R-HSA-264642	https://reactome.org/PathwayBrowser/#/R-HSA-264642	2026-10-03	observed	TAS				{}
E0176	HGNC:11509	participates_in	REACT:R-HSA-5250958	Reactome	R-HSA-5250958	https://reactome.org/PathwayBrowser/#/R-HSA-5250958	2026-10-03	observed	TAS				{}
E0177	HGNC:11509	participates_in	REACT:R-HSA-5250989	Reactome	R-HSA-5250989	https://reactome.org/PathwayBrowser/#/R-HSA-5250989	2026-10-03	observed	TAS				{}
E0178	HGNC:11509	participates_in	REACT:R-HSA-6794361	Reactome	R-HSA-6794361	https://reactome.org/PathwayBrowser/#/R-HSA-6794361	2026-10-03	observed	IEA				{}
E0179	HGNC:11509	participates_in	REACT:R-HSA-8856825	Reactome	R-HSA-8856825	https://reactome.org/PathwayBrowser/#/R-HSA-8856825	2026-10-03	observed	TAS				{}
E0180	HGNC:11509	participates_in	REACT:R-HSA-8856828	Reactome	R-HSA-8856828	https://reactome.org/PathwayBrowser/#/R-HSA-8856828	2026-10-03	observed	TAS				{}
E0181	HGNC:11509	participates_in	REACT:R-HSA-888590	Reactome	R-HSA-888590	https://reactome.org/PathwayBrowser/#/R-HSA-888590	2026-10-03	observed	TAS				{}
E0182	HGNC:11497	participates_in	REACT:R-HSA-5658442	Reactome	R-HSA-5658442	https://reactome.org/PathwayBrowser/#/R-HSA-5658442	2026-10-03	observed	TAS				{}
